{"cameraMode":{"drawMode":0,"name":"Shaded","section":"Shading Mode"},"sceneLighting":true,"audioPlay":false,"sceneViewState":{"showFog":true,"showMaterialUpdate":false,"showSkybox":true,"showFlares":true,"showImageEffects":true,"showParticleSystems":true},"in2DMode":false,"pivot":{"x":430.38177490234377,"y":7.551405429840088,"z":588.9120483398438},"rotation":{"x":0.0225866436958313,"y":0.8966453671455383,"z":-0.046053435653448108,"w":0.4397680461406708},"size":8.135104179382325,"orthographic":false}